malzeme,alansal_g_cm2,kalinlik_cm,doz,doz_birim,rms,rms_birim
melanin,1.0,0.666667,53.7031,nanoGy,19.4516,picoGy
melanin,2.0,1.33333,49.1474,nanoGy,21.969,picoGy
melanin,3.0,2,44.3055,nanoGy,23.3545,picoGy
melanin,5.0,3.33333,33.2875,nanoGy,24.293,picoGy
melanin,7.0,4.66667,19.3103,nanoGy,18.3654,picoGy
melanin,15.0,10,81.6221,picoGy,2.90495,picoGy
melanin,20.0,13.3333,60.6945,picoGy,2.55055,picoGy
aluminium,1.0,0.370508,54.4003,nanoGy,19.2642,picoGy
aluminium,2.0,0.741015,50.6148,nanoGy,21.532,picoGy
aluminium,3.0,1.11152,46.6676,nanoGy,22.98,picoGy
aluminium,5.0,1.85254,38.0062,nanoGy,24.2051,picoGy
aluminium,7.0,2.59355,28.026,nanoGy,21.542,picoGy
aluminium,15.0,5.55761,174.43,picoGy,3.89579,picoGy
aluminium,20.0,7.41015,146.11,picoGy,3.71827,picoGy
polyeth,1.0,1.06383,53.1224,nanoGy,18.9704,picoGy
polyeth,2.0,2.12766,47.8462,nanoGy,21.4058,picoGy
polyeth,3.0,3.19149,42.1423,nanoGy,22.8894,picoGy
polyeth,5.0,5.31915,28.8396,nanoGy,21.9972,picoGy
polyeth,7.0,7.44681,7.65875,nanoGy,10.7542,picoGy
polyeth,15.0,15.9574,41.202,picoGy,2.12643,picoGy
polyeth,20.0,21.2766,25.076,picoGy,1.67814,picoGy
